{"accuracy": [0.4637029767036438, 0.7663276195526123, 0.8488085865974426, 0.8879863619804382, 0.9158973097801208, 0.9352300763130188, 0.9469805955886841, 0.9562273025512695, 0.9644782543182373, 0.9678924679756165], "loss": [1.8712997436523438, 0.7558146715164185, 0.47675183415412903, 0.3476143181324005, 0.2579648792743683, 0.19905094802379608, 0.16214390099048615, 0.13038961589336395, 0.10728625953197479, 0.09386099874973297], "val_accuracy": [0.7600728273391724, 0.8292169570922852, 0.8837354779243469, 0.9255064725875854, 0.9310266375541687, 0.9448554515838623, 0.9392784237861633, 0.9482130408287048, 0.9543023109436035, 0.9568631649017334], "val_loss": [0.7810537815093994, 0.548428475856781, 0.36478227376937866, 0.23182116448879242, 0.21012668311595917, 0.17055965960025787, 0.18864282965660095, 0.15844032168388367, 0.14423055946826935, 0.13717371225357056]}